;accountId;id;name;profileIconId;revisionDate;summonerLevel
0;209283927;58910718;Albus Dumbleluo;1665;1529148143000;183
0;207987339;51651113;귀여운안지영;3382;1529037200000;61
0;206280171;37330462;율천고 최현우;911;1529111473000;145
0;5258842;7791613;사스갓지지;7;1529130405000;103
0;879245;1412967;daydayupup;603;1529147750000;123
0;4586738;5802440;칼과 창 방패;939;1529144642000;121
0;208168133;50830223;sorrysorrysorry;25;1529115014000;115
0;209274483;58860222; hf ghkyu;1670;1529113232000;64
0;202001440;18971354;오뚜기3분미트볼;977;1528977673000;66
0;208744895;54743978;KZ Rascal;3414;1529140053000;141
0;5824372;8550920;아이타이;1625;1529146307000;175
0;3440481;4460427;Hide on bush;6;1529018713000;124
0;204024521;26101623;aceerfa;743;1529147750000;75
0;909429;1296022;김국어;3379;1529027054000;111
0;210170457;66690330;greed3;3328;1529139872000;94
0;209238536;58260945;Killua fans;3378;1529122398000;127
0;207884486;48040865;하얼빈의쟝첸이야;3294;1529143204000;60
0;210168025;66810143;아이거또어우;3369;1528954857000;59
0;210588930;70960224;바위게 내꺼야;932;1528888940000;37
0;2373709;3181583;엔페시아;3019;1529142907000;121
0;206772826;40261890;북쪽의 괴물;3205;1528976748000;137
0;209831733;64520617;간 츠;907;1528808733000;101
0;205199428;37960539;So1o;3018;1529136608000;90
0;1539461;2009412;Billys;1349;1529063243000;101
0;208533470;53250371;Afreeca Ruby;3168;1529147653000;110
0;210167931;66840149;으차으차하;552;1529049863000;86
0;203921694;25301734;HLE Kuzan;1105;1529131926000;109
0;206685827;39891105;Hachi J;1404;1529147653000;64
0;208670326;54751506;아이러니;3225;1529140902000;76
0;1646013;2187036;KDM Roach;898;1529138974000;63
0;204162271;26473035;KDM Edge;3496;1529147792000;117
0;209376444;59880951;분노분노분노;907;1529020884000;105
0;210167954;66840152;진에어 곰탱이;3227;1529095211000;64
0;1025353;1508361;gunwu;682;1529059584000;109
0;207850002;47300726;루팡 그냥너;3040;1528603618000;97
0;201386115;17530810;1987 Plls;18;1529147792000;102
0;200203708;11641191;lookatmy;3369;1528848181000;58
0;3454455;4501290;cyeol;1445;1529057145000;160
0;210567903;71150224;thgink9;1227;1529147973000;48
0;6282837;9004218;pvman;3328;1529047862000;54
0;202489165;19523335;DWG Nuclear;654;1529133613000;56
0;209230380;58390689;롤스터단합KT;3328;1529140748000;109
0;207570975;45140675;진에어 테디;23;1529013092000;58
0;6871165;9810634;NekoL;1114;1529024865000;102
0;210168151;66830152;학식먹을나이;6;1529148770000;54
0;210168020;66810141;강한남자 강덕배;9;1529145920000;92
0;204098604;26421732;Lehends;3228;1529101626000;88
0;3516152;4463953;마마돈워리;7;1529145920000;66
0;210253977;67161308;Foy;1228;1529125953000;89
0;202937359;22071749;KT DEFT;3369;1528886179000;52
0;266599;3695029;real gankster;3382;1529128092000;109
0;200933520;13931178;가나라마아바;20;1528888251000;54
0;204672058;29341663;JAG UmTi;693;1529147653000;90
0;205883467;34790605;커닝시티 몽땅따;1591;1529137222000;78
0;207629924;45311145;Deifinu;3369;1529102529000;91
0;202103602;19590512;WNS WooFe;3354;1529128561000;111
0;2099284;2706560;검은머리사나이;682;1529143204000;72
0;4078663;5154899;찬이숙이;23;1529145924000;60
0;204613894;28862717;MVP ADD;1211;1529108427000;77
0;204062750;26022557;Gen G Life;3497;1529147792000;210
0;208357607;51781159;BBBaby;4;1528967223000;119
0;209173070;57541180;MADKlNG;3455;1529061330000;111
0;209742739;63420567;승달리;1385;1529122553000;68
0;200621317;12910223;이 차가 식기전에;2088;1529140748000;105
0;204152129;26592645;Hichael Dackson;3205;1528800776000;89
0;209298024;60430645;DoRun;904;1529010500000;73
0;4989204;6986047;독이 있다;3464;1529025788000;123
0;203874706;25330313;BtC joker;1625;1529143206000;139
0;206487982;38532544;Gen G 몽;1634;1529145322000;115
0;209283868;58960292;TT 보배;7;1529138229000;117
0;207100227;41913808;DWG ShowMaker;1635;1529096077000;107
0;209084978;57330154;엽북이;3333;1529014376000;88
0;204245747;27061092;이도류;9;1529065495000;109
0;207874718;47820563;keria00;3186;1529131926000;128
0;210277091;67340981;pija en kolla;3150;1529084094000;49
0;209032677;56920136;takma2;3340;1528950850000;87
0;4286691;5187941;4seidon;3233;1529052070000;80
0;1280988;1773786;밥잘사주는나쁜형;3494;1529140902000;66
0;3141212;3964487;센센S2;801;1529148770000;103
0;206501884;38710450;출애굽기15장27절;3382;1529149327000;65
0;203492844;23524883;마산가자;2074;1529147653000;115
0;206944308;41790768;먹는게즐거워;1116;1529109506000;111
0;1309737;1796100;Gen G cuvee;3349;1529148770000;120
0;200670975;12952008;강태공고추;3176;1529136860000;159
0;203870735;25260179;GabrielCRO;1445;1529024309000;120
0;209899057;65710258;난 질수없다;3222;1528971407000;69
0;3511615;4473652;Gen G CoreJJ;3008;1529147973000;112
0;209333159;59660326;yiwancibeishang;1;1529133834000;180
0;207695426;45641407;ililiiiillliil;7;1529145740000;78
0;206247678;36871116;Muse1;3157;1529038943000;73
0;3386550;4252326;귀여운 나무인간;1151;1529140678000;112
0;209597990;62350588;N1etonoShana;1438;1529131926000;84
0;7024597;10134453;HaruTya1226;3523;1529141296000;132
0;204167188;26670323;츠코파이;3519;1529107794000;72
0;210167948;66820149;ABC123D4;3376;1528879942000;74
0;3494294;4542720;PandaTV51654;1665;1529110943000;69
0;204655734;29341237;WNS Fate;3023;1529144824000;96
0;4513526;5588270;Rainbow22;3393;1529054890000;98
0;4189540;5354271;아름다운 서울;3522;1529141296000;121
0;202561023;19615477;Seroum;1149;1529137409000;88
0;1410285;1990503;baramgaebi;3;1528891993000;100
0;5482776;7895259;SKT T1 Bang;1625;1528976418000;92
0;206897280;41440812;BtC Savage;3519;1529137522000;77
0;210429901;68800398;생뚱맞은앵뚱쌩뚱;1385;1529113168000;49
0;210412595;68491462;유노유키;3294;1528931667000;58
0;209070922;56951349;댕 체;3225;1529062895000;126
0;2681421;3464863;호 셍;909;1529146638000;96
0;201236882;16810685;SKT T1 ThaI;745;1529019012000;120
0;200543394;12132641;이기자 할수있다;881;1529147792000;68
0;200831019;13555413;홍 웅;588;1529148707000;74
0;3863724;4843289;Be proud of me;3519;1529061330000;96
0;2713769;3457702;WE 77;3017;1529109074000;68
0;206358340;38160601;Gen G Ruler;3478;1529146638000;123
0;201200763;16380488;DontRemakeAatrox;1160;1529145740000;109
0;207354982;43111655;KZ Cuzz;3;1529149327000;92
0;210217104;67200131;rockrichrockrich;502;1529137409000;45
0;210167972;66810156;킹존 물만두;7;1529149327000;64
0;880562;1323757;의 주;1633;1529142222000;133
0;1726822;2370292;XIAOXinAAA;6;1528660737000;76
0;209685625;63050591;Jin Air Nova;3186;1529062661000;81
0;3706811;4673576;뉴트 주니어;3221;1529134980000;82
0;6197385;9100379;Heart;3346;1528961159000;101
0;205499309;32096236;Baby123;4;1529043806000;81
0;207443723;43920725;호잇이;1439;1529148770000;121
0;203011568;22231139;DWG Punch;1391;1528537913000;87
0;209834687;65030157;17살 서폿;3414;1529118559000;67
0;202522473;19524471;ke ai jiao;3496;1529122398000;48
0;210167939;66810144;한겨레어린이;3349;1529018713000;64
0;209992902;65821228;롤오브레전드1234;20;1528951463000;107
0;5670561;8251858;IruguN;3495;1529147653000;89
0;209785752;64250795;Karsa fans;939;1529135259000;126
0;209063179;56931329;tjudlsawqz;3167;1529147973000;70
0;2859056;3697742;격세지감;3378;1529025011000;133
0;208684744;54892079;ZIBISUP;3494;1528882968000;84
0;210168031;66820147;Deft12345678;3378;1529149914000;73
0;6203629;9081041;Cyberbully;3328;1529060338000;61
0;210168129;66820148;go to California;4;1529147750000;64
0;4440078;5674873;chirchri;1301;1529100336000;61
0;1503672;2006507;LoveRaccoonLove;685;1528941776000;114
0;201232698;16910609;DWG BeryL;3018;1529145924000;142
0;207901668;48140675;세븐틴 하이딘;3225;1529136608000;79
0;1890305;2481136;Jin Air SoHwan;7;1529147653000;159
0;206452044;38471569;귤수호자 만기;27;1528976630000;70
0;203073673;22611767;SKT T1 Le0;982;1528922386000;109
0;2335652;3084278;구린내가심하구나;3008;1529138229000;134
0;200503142;12240511;할아브가주인공;1114;1529148707000;127
0;209682437;63120486;띵킹왕;23;1528969220000;78
0;209157896;57580784;칼과 창 방패2;939;1529060438000;102
0;3331588;4104992;Seven7777777;20;1529116755000;155
0;210167231;66800144;MoonBlackk;4;1528278915000;51
0;2474930;3149868;단군의청춘부재;982;1529142222000;94
0;206107682;36250290;KT Ucal;3328;1529140678000;77
0;208120798;50080859;htebaziIE;2077;1529138365000;90
0;207309342;43370209;See u AG;1603;1528749819000;64
0;204394141;27843073;커닝시티 피그미;1443;1528894776000;77
0;200578193;12600476;프제짱;6;1529142733000;111
0;210476118;69110589;엽북e;3333;1529149914000;59
0;209161524;57730822;lbkgnfkgng;4;1529111199000;74
0;206321273;37951232;MeiTian Kun;982;1529143206000;94
0;205914660;35490390;bully bully;1664;1528867034000;115
0;210426282;68680307;빙 돌아 튕겨서;3478;1529146740000;62
0;6965193;10080249;뽀오뽀오;3205;1529110496000;49
0;2510493;3262127;Ask 섬집아기곰;984;1529144863000;92
0;202021894;18791995;handcIap;588;1528888150000;70
0;203553813;23980376;GIorie;7;1529064499000;92
0;210168209;66820145;온실속의감자;3378;1528883667000;63
0;4388898;5662482;온자이족;659;1529130171000;101
0;208771386;54924744;its my day;4;1529049863000;159
0;6968626;10150520;카페베네설탕도둑;538;1529125953000;88
0;2807164;3633510;1427538696835724;3496;1529100771000;45
0;755064;1252821;GimGoon;3;1529123925000;66
0;210296071;67390959;ceIlceIl;26;1528780282000;51
0;8021595;21993899;Sol로랭크2;906;1528694225000;124
0;206360056;38100682;KDM LuBu;3414;1529147792000;120
0;202606482;20500168;팀운이절실한사람;10;1529104879000;100
0;2881442;3649533;커피물조절장인;1445;1528980496000;152
0;210168045;66840154;초면인데친한척함;939;1528614937000;77
0;204531622;28870358;커피남신불쾌하다;7;1529147653000;128
0;203780321;24910546;Afreeca Jelly;23;1529149914000;113
0;489053;2165869;슈렐리아의사정;780;1529067610000;72
0;201481153;17595057;KDM SSol;782;1529132664000;68
0;204333883;27971322;KZ Peanut;1439;1529140902000;113
0;202784392;21320363;llllllllIIllll;3369;1529147750000;72
0;208425845;51951264;와노쿠니 쇼군;0;1529128092000;98
0;251448;1533024;aoligei;977;1529115014000;113
0;377501;1180166;좋은날;3328;1529140902000;79
0;203609312;23962092;타인은 지옥이다1;1634;1529138753000;180
0;210082154;66371904;Woo Xiang 2;7;1529134099000;65
0;5243689;7641018;Wake up0;1301;1529134099000;156
0;208116698;49900667;Akiyam2;3150;1529149914000;95
0;208975045;65611597;zlp gj;3369;1529104000000;80
0;204590426;28922117;HLE Mightybear;3382;1529134808000;98
0;209170828;57601149;Soul blend;3496;1529104742000;69
0;207991322;48620616;진짜잘안죽음;3150;1528959219000;53
0;6341504;9007397;Klmjg;3014;1529148770000;157
0;210581300;70980593;sunlight2;3495;1529122398000;52
0;4228175;5235895;JayOnO;1452;1529131332000;168
0;207332319;43120962;jungsanghyun1;4;1528871069000;118
0;210515107;69670582;Mark Time;11;1529142420000;59
0;8027026;22033662;SKT T1 Pirean;27;1529134099000;145
